oe_workers,api_workers,throughput,total_duration_sec,min_latency,avg_latency,max_latency,success_rate,sc_min,sc_avg,sc_max,mq_min,mq_avg,mq_max,oe_min,oe_avg,oe_max,oe_internal_avg_ms,oe_internal_max_ms,deploy_min,deploy_avg,deploy_max,totals_min,totals_avg,totals_max,oe_cpu_avg,oe_cpu_max,oe_mem_avg_mib,oe_mem_max_mib,rabbitmq_cpu,orchestrator_cpu,catalog_cpu,topology_cpu,mq_p50,mq_p90,mq_p95,mq_p99,oe_int_p50,oe_int_p90,oe_int_p95,oe_int_p99
1,1,24.27150663,84.37877512,35.84337234,41.03743529,54.25429344,100,1.801252365,2.406602493,5.77712059,13.26060295,16.98163664,27.12392807,6.330728531,8.40008771,13.33069801,9.908262175,18.79477501,7.996559143,10.53549151,16.59011841,33.32042694,38.32381836,50.70996284,4.53023386,4.53023386,50.60546875,50.60546875,1.264069993,9.522175623,1.497051958,2.938722887,16.82388783,19.08910275,19.78439093,21.4657712,9.802699089,11.46523952,12.01351881,13.37274551
1,2,45.34664324,45.16321063,36.50927544,43.92320116,105.410099,100,1.806974411,2.532890183,6.125926971,13.5679245,18.1285264,50.62103271,6.419181824,9.151815437,69.03553009,10.15955012,18.79477501,8.444547653,11.24516677,19.69313622,34.17658806,41.05839878,102.5021076,6.762905211,6.762905211,51.19140625,51.19140625,2.049816573,13.30263636,2.170121511,4.127922333,17.86661148,20.54781914,21.95056677,25.31172991,10.04958153,11.76846027,12.41236925,13.7856245
1,4,56.2976583,36.37806726,43.29776764,70.81225957,94.72131729,100,1.577377319,2.569134813,5.532741547,17.72093773,44.06153655,65.49143791,6.549358368,9.713115636,16.03722572,10.43980708,25.85244179,7.869243622,11.4694084,24.53017235,40.18950462,67.8131954,91.91513062,6.647789592,6.647789592,51.96484375,51.96484375,1.427895438,13.90267756,1.997974664,4.359522258,43.72382164,49.44708347,51.72044039,56.35019302,10.31947136,12.21652031,12.87645102,14.61149693
1,8,55.84484636,36.67303491,45.26257515,142.825553,207.3385715,100,1.59239769,2.588501899,10.25128365,22.05038071,115.9565344,160.3453159,6.518602371,9.759703884,75.07705688,10.60654322,26.5147686,7.775783539,11.48327801,23.66518974,41.00799561,139.7880182,204.4062614,6.70376155,6.70376155,52.09375,52.09375,1.38935417,19.49822324,1.877795924,4.580299145,115.0205135,124.9353409,129.8790336,139.3030334,10.46788692,12.46256828,13.13565969,14.87243176
1,16,56.11527087,36.49630427,45.26758194,283.8831997,341.2280083,100,1.584291458,2.553525614,9.26232338,21.64363861,257.0784854,312.5882149,6.756305695,9.753415827,73.54235649,10.69481976,26.5147686,8.249282837,11.4724189,20.45750618,42.3169136,280.8578458,337.5604153,6.695389333,6.695389333,51.99609375,51.99609375,1.609408827,15.14777683,1.968467134,4.499336286,257.8984499,269.5675373,273.9259243,286.6948271,10.54406166,12.5408411,13.23280334,15.07264376
1,32,56.21090828,36.43420935,55.86862564,564.6388402,690.6371117,100,1.586675644,2.565385774,8.469104767,23.52619171,537.7545913,649.9545574,6.599187851,9.763297974,121.3567257,10.74926375,26.5147686,8.019924164,11.42609317,25.53081512,51.64504051,561.5093682,687.9513264,6.799620761,6.799620761,52.01953125,52.01953125,1.538909865,17.43748596,1.81532303,4.366364194,540.2898788,560.3969812,567.2325015,585.1024008,10.59997082,12.59818077,13.27719688,15.07330894
2,1,24.1217372,84.90267444,35.07971764,41.2881691,78.2828331,100,1.838922501,2.440119162,6.88123703,13.31949234,17.00116112,37.01400757,6.363630295,8.50404927,12.79640198,9.899546043,21.84557915,8.070707321,10.59679152,19.62065697,32.82833099,38.54212107,65.24348259,4.143643792,4.170653457,49.87109375,49.87890625,1.633162355,6.989588072,1.322957759,2.556460027,16.78776741,18.98875237,19.8350668,23.08969498,9.761810303,11.42964363,12.02008724,13.46098661
2,2,44.14452079,46.39307356,35.71557999,45.10888085,106.9579124,100,1.65772438,2.616913524,9.719848633,13.64827156,18.62884138,39.80445862,6.412506104,9.359854856,70.37043571,10.32571931,28.04994583,7.865905762,11.54762495,27.70376205,33.13684464,42.15323471,103.471756,3.965339285,4.047188936,50.27539063,50.29296875,1.724980679,13.08406127,2.050359994,4.125858692,18.1043148,21.89006805,23.97066355,29.81966019,10.11002064,12.17806339,12.9852891,16.02004766
2,4,75.45735757,27.14115715,39.49689865,52.76944116,100.137949,100,1.640319824,2.726126229,8.845329285,14.11509514,23.49408483,66.53094292,6.758928299,10.38168708,19.11401749,10.93326369,28.04994583,9.028434753,12.91893516,23.64444733,36.98635101,49.5208333,96.30846977,6.117582315,6.396488025,50.77734375,50.8125,2.240076589,20.73218308,2.328610816,5.224581432,21.30353451,33.89904499,38.32211494,46.71337605,10.63370705,13.33119869,14.32803869,16.79425716
2,8,93.89713896,21.8111012,48.03442955,84.79053911,160.2568626,100,1.843690872,2.992891823,10.63895226,19.07134056,52.69603373,129.9734116,7.156133652,11.28876361,81.40492439,11.53305711,28.04994583,9.376764297,14.13715875,24.06597137,44.50511932,81.11484791,157.3057175,6.303587768,6.324389447,51.08203125,51.18359375,1.64809985,26.19521793,2.79678589,6.350854908,51.59044266,68.82317066,76.8211484,90.71394444,11.19089127,14.43500519,15.67565203,18.14041138
2,16,91.00744453,22.50365353,49.44300652,174.9150869,319.4432259,100,1.877784729,3.109584213,9.979009628,22.08638191,138.864461,276.673317,6.695508957,11.27375336,35.10165215,12.00641298,39.1201973,9.384155273,17.77495572,41.93067551,46.82159424,171.0227543,315.7455921,6.288996973,6.301288234,51.38867188,51.4140625,1.533830045,34.26990997,2.562801645,6.399112625,136.5504265,161.1564398,174.7551084,205.7569361,11.66200638,15.21863937,16.48952961,19.31670189
2,32,92.22368272,22.20687723,51.79214478,344.0706246,480.6361198,100,1.726865768,3.084289609,11.4569664,23.46086502,310.1827736,439.7420883,7.036447525,11.25395531,23.4336853,12.28094611,39.1201973,8.986949921,15.79804241,39.37196732,48.74038696,340.319061,476.3534069,6.300713085,6.353814076,51.50976563,51.5625,1.708422772,33.76404854,2.546749649,6.453423203,310.4609251,335.9903574,346.1363792,376.2140417,11.99173927,15.56494236,16.80839062,19.55287218
4,1,23.67724452,86.49655151,36.97156906,42.06034227,77.56304741,100,1.839876175,2.459248295,10.49828529,13.41700554,17.37411181,44.04687881,6.387710571,8.631241741,15.14744759,10.09338209,17.38595963,8.006572723,10.79796092,17.85182953,34.30700302,39.26256276,71.07138634,4.260814185,4.965658231,49.625,49.78515625,1.898774161,7.18732527,1.125144714,2.703979871,17.1790123,19.53217983,20.48401833,23.38551998,9.991645813,11.67824268,12.27660179,13.90930414
4,2,44.40726919,46.11857557,38.53034973,44.83511054,102.2713184,100,1.700162888,2.554796287,6.156921387,13.7193203,18.45959551,37.82463074,6.562709808,9.372794419,68.44305992,10.36606176,21.58308029,8.013248444,11.5082761,19.48142052,35.70318222,41.89546232,98.5827446,3.907804111,4.048755081,49.86132813,50.1015625,1.679980167,14.1179261,1.932932602,3.70192353,18.3224678,20.95987797,22.080338,25.92094421,10.2686882,12.14659214,12.78954744,14.58224058
4,4,75.31333516,27.19305944,42.23227501,52.84313334,95.58200836,100,1.776218414,2.764011617,8.809566498,14.9204731,23.21046416,64.12386894,6.838321686,10.42391185,19.02365685,11.04763511,29.68382835,8.376598358,13.09449808,38.48409653,39.06083107,49.49288571,92.32521057,3.606327758,3.879959338,49.85058594,49.94921875,1.992413315,19.91562692,2.481701819,5.397429431,21.33917809,32.22651482,38.64014149,46.48987055,10.83600521,13.50984573,14.57438469,16.51484013
4,8,112.0213562,18.28222823,48.01559448,70.99528867,178.5976887,100,2.016067505,3.417082946,10.69998741,18.0721283,33.11845066,130.3491592,7.292032242,12.4949913,79.5712471,12.55460142,31.97956085,10.82658768,17.83188654,31.98933601,44.87204552,66.86241145,169.8007584,4.942591472,5.067713355,49.99707031,50.03125,2.202680201,30.57464468,3.203133117,7.172477952,29.07180786,50.00505447,59.15206671,75.99214792,11.536479,17.5835371,19.62888241,23.49012613
4,16,115.5186983,17.72873163,58.28213692,137.5849986,361.9129658,100,2.138137817,4.887469229,17.88282394,24.64389801,76.10818057,292.8645611,7.093429565,15.83254384,46.04125023,14.90078557,46.59795761,14.37401772,35.37651792,83.22072029,54.90875244,132.2047116,358.2201004,4.952419792,5.071413111,50.26953125,50.390625,1.975202979,45.10584339,3.018974128,7.50184429,69.80991364,114.673686,132.7848554,177.0152903,12.54475117,24.05791283,27.72920132,33.5433197
4,32,120.6641839,16.97272491,77.99172401,262.8032407,595.1104164,100,1.957654953,4.834756604,24.50728416,28.51700783,207.3186999,528.4929276,7.397413254,15.32186137,89.12658691,16.33671632,46.59795761,9.97877121,29.91186804,67.64936447,71.42782211,257.3871859,592.1492577,5.043380669,5.277543392,50.32324219,50.39453125,2.124029283,42.43676707,3.293564635,7.368361112,199.2462873,255.6374073,276.1427283,331.8352222,14.16516304,26.28092766,29.29369211,34.52545404
8,1,23.13390488,88.52807212,37.65439987,43.04883932,75.90270042,100,1.833438873,2.50957231,7.411241531,13.39197159,17.75848318,40.03310204,6.390094757,8.888608892,14.38069344,10.37302776,21.68297768,8.138179779,11.04173181,19.25992966,35.0689888,40.19839619,63.79938126,3.546902873,3.914390921,48.84814453,49.5625,1.314511128,6.867148296,1.247471105,2.557755007,17.77875423,19.93393898,20.59113979,22.87624121,10.38384438,12.0228529,12.58157492,14.08092499
8,2,43.58055001,46.99344087,36.83638573,45.69194803,106.5428257,100,1.640081406,2.603679197,6.293058395,12.89510727,18.8917903,38.16270828,6.462335587,9.533083532,72.93224335,10.62298776,21.68297768,7.802009583,11.6681091,20.99943161,33.99062157,42.69666213,103.6410332,3.322666348,3.478075119,48.93652344,49.49609375,1.445294435,11.53684504,1.517475839,3.369365203,18.83471012,21.59435749,22.67045975,25.83349943,10.61189175,12.47298717,13.07374239,14.55253363
8,4,74.02371917,27.66680765,36.95774078,53.76534222,121.7873096,100,1.770019531,2.810150385,7.375955582,14.56356049,23.73165893,92.25130081,6.934404373,10.52894397,77.68893242,11.2600207,21.68297768,8.597135544,13.29721685,21.32296562,34.46912766,50.36797014,118.8747883,2.911507272,3.013484372,49.04785156,49.61328125,1.870849831,18.44236657,2.108494684,5.210886856,21.83485031,33.65619183,39.74848986,46.68510199,11.08419895,13.66434097,14.67535496,16.93739891
8,8,110.5128823,18.53177619,45.35055161,71.94969186,135.540247,100,1.907110214,3.431568388,9.461402893,17.73190498,33.63916976,95.97396851,7.834434509,12.52445835,30.96389771,12.83926863,37.0426178,9.584903717,18.06926331,41.03779793,42.64545441,67.66445981,127.7678013,2.617558299,2.749341656,48.93505859,49.59765625,1.785168844,28.28783921,2.80346093,6.826110818,29.28829193,51.62944794,60.70920229,75.83377361,11.79742813,18.15490723,20.21431923,24.27152634
8,16,121.8037712,16.81392932,70.86491585,130.4865619,318.215847,100,1.95145607,5.477051949,17.27342606,22.41873741,60.78936777,218.9617157,7.725477219,17.29754882,55.12809753,16.27797056,60.19091606,13.49854469,41.19300039,78.95302773,67.28243828,124.7569689,294.4231033,3.13379177,3.270830762,49.05322266,49.625,1.983399992,43.21116711,3.120900654,7.33754523,47.84834385,106.9615364,124.9350071,159.7564769,12.76445389,29.61628437,34.29437876,41.35936499
8,32,133.8911904,15.29600263,79.29897308,237.219425,692.7776337,100,2.069711685,6.627030438,28.04470062,32.32645988,142.9703281,555.1598072,7.19165802,21.06388635,59.81755257,20.94684809,76.59697533,11.53850555,57.29866738,108.6549759,73.00615311,227.9599123,663.7246609,3.239111365,3.358638066,49.08300781,49.71875,2.32994222,46.26665887,3.32351606,7.735327987,123.7434149,257.2777748,302.745831,398.2946396,14.45937157,42.70281792,48.6789465,57.97324419
16,1,22.34769092,91.64257765,38.92064095,44.56444317,79.6585083,100,1.85918808,2.587541472,5.777597427,13.57746124,18.25102721,52.02150345,6.368875504,9.270878509,17.54164696,10.64465835,22.1426487,8.031845093,11.50137931,19.28710938,36.27514839,41.61082651,74.16987419,2.75158768,3.303232941,49.1965332,49.453125,1.395355287,5.359317897,0.9914273897,2.220771049,18.25678349,20.62571049,21.51887417,24.47081089,10.71596146,12.42842674,13.04080486,14.98384953
16,2,42.26960323,48.45089245,35.63117981,47.1055744,117.5768375,100,1.833677292,2.683994477,8.956193924,13.38410378,19.35512421,49.40772057,6.530046463,9.896449745,78.93419266,10.92018955,22.1426487,8.005142212,12.06784847,18.30029488,33.31112862,44.0034169,114.3717766,2.453834854,2.744269477,49.23364258,49.51953125,1.324387414,11.07196284,1.654978409,3.351851286,19.35517788,22.18141556,23.77644777,27.58320332,10.94651222,12.85743713,13.56965303,15.39065838
16,4,72.52821837,28.23728538,42.37270355,54.89528424,118.2675362,100,1.717329025,2.901570522,7.82585144,14.73522186,24.1423368,64.40830231,6.761312485,10.84740472,75.90651512,11.58431525,30.5891037,8.378744125,13.54803797,25.77376366,39.57629204,51.43935001,115.3316498,2.160592576,2.463431573,49.22436523,49.57421875,1.6351462,20.19276692,1.998628957,5.147584796,22.31669426,33.02271366,39.07300234,47.98545837,11.42013073,14.10684586,15.17486572,17.31912613
16,8,108.8962167,18.80689764,47.00636864,73.04364664,171.697855,100,1.753091812,3.635623725,16.07251167,17.69042015,34.02485652,118.7579632,7.276535034,12.78217172,49.04961586,13.14028064,38.34295273,10.48612595,18.23696832,36.63468361,43.78080368,68.67962028,165.8103466,1.660902967,1.923043141,49.14306641,49.390625,1.914907217,27.07705813,2.672420449,6.859340163,29.81495857,51.83162689,60.94315052,76.74947262,12.16089725,18.25141907,20.599401,25.21338224
16,16,123.772278,16.54651618,72.77226448,128.3984996,349.6227264,100,2.07233429,5.675654043,21.19541168,22.6328373,59.22547937,219.2983627,8.420228958,18.07256602,46.5939045,16.15202618,55.40466309,15.04397392,39.09462504,76.67517662,68.11666489,122.0683245,296.630621,1.745303625,1.897346243,49.07299805,49.23828125,2.240480465,40.44652711,3.010917306,7.543560627,46.21446133,104.6232224,123.3167052,163.8106298,13.11659813,27.88751125,32.35757351,39.61481571
16,32,131.1879805,15.61118627,107.6066494,241.965113,744.751215,100,2.115726471,8.167104563,38.76709938,31.45432472,136.2960766,622.9202747,6.979942322,24.05624476,125.4937649,20.89483334,100.2213955,11.68012619,60.78539253,141.0446167,99.71427917,229.3048184,738.8801575,1.771656261,1.944566454,49.13793945,49.28515625,2.208379388,47.68944609,3.365792995,7.723128551,118.5996532,250.9143591,295.4975486,387.247653,14.74142075,40.90108871,51.38915777,65.46041489
32,1,22.01930283,93.00930262,36.99111938,45.2267311,93.64295006,100,1.749992371,2.574918442,6.167173386,12.83025742,18.49714713,59.90362167,6.325244904,9.539331775,14.69159126,10.79376182,23.17476273,7.925033569,11.61400054,17.82035828,34.1026783,42.22539789,90.04187584,2.060446487,2.507782682,49.1036377,49.4375,1.143652907,5.589362838,0.8752366094,2.095102429,18.69058609,20.79980373,21.6359973,24.27243471,10.94293594,12.5395298,13.17918301,14.93582487
32,2,41.95646361,48.81250286,34.67440605,47.458507,102.6427746,100,1.724720001,2.658736892,14.39571381,13.36956024,19.46772833,50.0998497,6.421327591,10.10464504,69.88573074,10.99371578,31.9776535,7.827281952,12.1084929,26.93891525,32.26923943,44.33960316,99.79081154,1.755916384,1.895984698,49.04675293,49.22265625,1.134825361,12.00960797,1.298804139,3.242200774,19.48976517,22.30772972,24.01870489,28.27213287,11.12818718,12.85779476,13.42481375,15.2238369
32,4,72.46113314,28.26342773,38.64073753,54.92864933,96.65060043,100,1.740932465,2.811036888,10.33377647,14.33873177,24.23832414,58.99620056,6.660699844,10.84923581,20.18857002,11.62736389,31.9776535,8.472919464,13.5327992,30.97558022,36.08632088,51.43139604,91.26925468,1.491250869,1.555896526,49.0645752,49.47265625,1.425252063,16.73727403,1.89235469,4.954586059,22.35281467,34.30743217,40.25071859,49.2191124,11.48986816,14.13831711,15.23344517,17.53582716
32,8,110.2854466,18.56999326,46.66376114,72.05320697,136.4016533,100,1.898765564,3.470121417,12.86029816,17.24529266,33.66727231,103.729248,7.706403732,12.89547724,75.00529289,13.09281433,31.9776535,10.06436348,17.72820798,32.38153458,43.2844162,67.76107894,133.1124306,1.10009868,1.396801298,48.96618652,49.296875,1.644781105,25.79953333,2.618831409,6.527808701,29.38175201,51.66397095,60.3358984,75.5825758,12.13932037,18.08583736,20.3415513,24.25730944
32,16,126.3870045,16.20419765,65.36531448,125.9531546,366.2695885,100,2.038002014,5.603523226,20.40266991,19.79827881,58.04399552,272.9084492,7.45511055,18.41139002,55.16695976,16.06537637,61.46717072,12.65120506,37.77488496,79.93650436,62.06727028,119.8337937,337.2347355,0.8480187738,1.235903515,48.85681152,49.0703125,1.938961798,42.29348671,3.121055898,7.733172228,45.76385021,101.1223793,123.1748223,158.0641699,13.09740543,27.65142918,31.80820942,38.43331575
32,32,138.4431447,14.79307628,86.16399765,228.5387806,643.1918144,100,1.970767975,7.726165932,30.66563606,25.57516098,128.3336827,528.7899971,7.724523544,23.31004571,89.04457092,20.24210627,78.32860947,14.98436928,57.24280828,127.1393299,76.47228241,216.6127026,619.4822788,1.010895432,1.143273939,48.83483887,49.08984375,2.292698651,45.73647098,3.295158534,7.823980017,111.2115383,236.6622686,284.5376134,382.5110531,14.65201378,39.0430212,46.65558338,58.3811307